[
    {
        "title": "APP_GROUP_MEMBERS_SETTINGS_WIDGETS",
        "desc": "APP_GROUP_MEMBERS_SETTINGS_WIDGETS_DESC",
        "fields":
        [
            {
                "label": "APP_GROUP_MEMBERS_SETTINGS_WIDGETS_SHOW_MEMBERS",
                "tooltip": "APP_GROUP_MEMBERS_SETTINGS_WIDGETS_SHOW_MEMBERS_DESC",
                "name": "show_members",
                "type": "boolean",
                "default": true
            },
            {
                "label": "APP_GROUP_MEMBERS_SETTINGS_WIDGETS_LIMIT",
                "tooltip": "APP_GROUP_MEMBERS_SETTINGS_WIDGETS_LIMIT_DESC",
                "name": "limit",
                "type": "text",
                "class": "input-mini text-center",
                "default"   : 10
            }
        ]
    }
]
