<?xml version="1.0" encoding="utf-8"?>
<!--
 @version   $Id: parameters.xml 4585 2012-10-27 01:44:54Z btowles $
 @author    RocketTheme http://www.rockettheme.com
 @copyright Copyright (C) 2007 - 2015 RocketTheme, LLC
 @license   http://www.gnu.org/licenses/gpl-2.0.html GNU/GPLv2 only
-->
<form>
    <subfields name="roknavmenu-themes">
        <fieldset name="fusion">
        <field name="roknavmenu_fusion_load_css" type="radio" default="1" label="Load CSS" description="">
			<option value="0">No</option>
			<option value="1">Yes</option>
		</field>
        <field name="roknavmenu_fusion_enable_js" type="radio" default="0" label="Enable JavaScript" description="Enable the JavaScript Effects">
			<option value="0">No</option>
			<option value="1">Yes</option>
		</field>
		<field name="roknavmenu_fusion_opacity" type="text" default="1" label="Menu Opacity" description="When JavaScript is enabled, this is the menu maximum opacity. Goes from 0.1 to 1" />
		<field name="roknavmenu_fusion_effect" type="list" default="slidefade" label="Menu Effect" description="When JavaScript is enabled, this is the type of effect for the menu.">
			<option value="slide">Slide</option>
			<option value="slidefade">Slide and Fade</option>
		</field>
		<field name="roknavmenu_fusion_hidedelay" type="text" default="500" label="Hide Delay" description="When JavaScript is enabled, this is the timeout in milliseconds for the menu to close." />
		<field name="roknavmenu_fusion_menu_animation" type="list" default="Quad.easeOut" label="Menu Animation" description="When JavaScript is enabled, this is the menu animation">
			<option value="linear">linear</option>
			<option value="Quad.easeOut">Quad.easeOut</option>
			<option value="Quad.easeIn">Quad.easeIn</option>
			<option value="Quad.easeInOut">Quad.easeInOut</option>
			<option value="Cubic.easeOut">Cubic.easeOut</option>
			<option value="Cubic.easeIn">Cubic.easeIn</option>
			<option value="Cubic.easeInOut">Cubic.easeInOut</option>
			<option value="Quart.easeOut">Quart.easeOut</option>
			<option value="Quart.easeIn">Quart.easeIn</option>
			<option value="Quart.easeInOut">Quart.easeInOut</option>
			<option value="Quint.easeOut">Quint.easeOut</option>
			<option value="Quint.easeIn">Quint.easeIn</option>
			<option value="Quint.easeInOut">Quint.easeInOut</option>
			<option value="Expo.easeOut">Expo.easeOut</option>
			<option value="Expo.easeIn">Expo.easeIn</option>
			<option value="Expo.easeInOut">Expo.easeInOut</option>
			<option value="Circ.easeOut">Circ.easeOut</option>
			<option value="Circ.easeIn">Circ.easeIn</option>
			<option value="Circ.easeInOut">Circ.easeInOut</option>
			<option value="Sine.easeOut">Sine.easeOut</option>
			<option value="Sine.easeIn">Sine.easeIn</option>
			<option value="Sine.easeInOut">Sine.easeInOut</option>
			<option value="Back.easeOut">Back.easeOut</option>
			<option value="Back.easeIn">Back.easeIn</option>
			<option value="Back.easeInOut">Back.easeInOut</option>
			<option value="Bounce.easeOut">Bounce.easeOut</option>
			<option value="Bounce.easeIn">Bounce.easeIn</option>
			<option value="Bounce.easeInOut">Bounce.easeInOut</option>
			<option value="Elastic.easeOut">Elastic.easeOut</option>
			<option value="Elastic.easeIn">Elastic.easeIn</option>
			<option value="Elastic.easeInOut">Elastic.easeInOut</option>
		</field>
		<field name="roknavmenu_fusion_menu_duration" type="text" default="400" label="Menu Duration" description="" />

		<field name="roknavmenu_fusion_pill" type="radio" default="0" label="Enable Pill" description="Enable the Pill animation">
			<option value="0">No</option>
			<option value="1">Yes</option>
		</field>
		<field name="roknavmenu_fusion_pill_animation" type="list" default="Back.easeOut" label="Pill Animation" description="When JavaScript is enabled, this is the pill animation">
			<option value="linear">linear</option>
			<option value="Quad.easeOut">Quad.easeOut</option>
			<option value="Quad.easeIn">Quad.easeIn</option>
			<option value="Quad.easeInOut">Quad.easeInOut</option>
			<option value="Cubic.easeOut">Cubic.easeOut</option>
			<option value="Cubic.easeIn">Cubic.easeIn</option>
			<option value="Cubic.easeInOut">Cubic.easeInOut</option>
			<option value="Quart.easeOut">Quart.easeOut</option>
			<option value="Quart.easeIn">Quart.easeIn</option>
			<option value="Quart.easeInOut">Quart.easeInOut</option>
			<option value="Quint.easeOut">Quint.easeOut</option>
			<option value="Quint.easeIn">Quint.easeIn</option>
			<option value="Quint.easeInOut">Quint.easeInOut</option>
			<option value="Expo.easeOut">Expo.easeOut</option>
			<option value="Expo.easeIn">Expo.easeIn</option>
			<option value="Expo.easeInOut">Expo.easeInOut</option>
			<option value="Circ.easeOut">Circ.easeOut</option>
			<option value="Circ.easeIn">Circ.easeIn</option>
			<option value="Circ.easeInOut">Circ.easeInOut</option>
			<option value="Sine.easeOut">Sine.easeOut</option>
			<option value="Sine.easeIn">Sine.easeIn</option>
			<option value="Sine.easeInOut">Sine.easeInOut</option>
			<option value="Back.easeOut">Back.easeOut</option>
			<option value="Back.easeIn">Back.easeIn</option>
			<option value="Back.easeInOut">Back.easeInOut</option>
			<option value="Bounce.easeOut">Bounce.easeOut</option>
			<option value="Bounce.easeIn">Bounce.easeIn</option>
			<option value="Bounce.easeInOut">Bounce.easeInOut</option>
			<option value="Elastic.easeOut">Elastic.easeOut</option>
			<option value="Elastic.easeIn">Elastic.easeIn</option>
			<option value="Elastic.easeInOut">Elastic.easeInOut</option>
		</field>
		<field name="roknavmenu_fusion_pill_duration" type="text" default="400" label="Pill Duration" description="" />
		<field name="roknavmenu_fusion_centeredOffset" type="radio" default="0" label="Centered Dropdowns" description="Used to have the dropdown centering with the root menu.">
			<option value="0">No</option>
			<option value="1">Yes</option>
		</field>
		<field name="roknavmenu_fusion_tweakInitial_x" type="text" default="0" label="Level 2 X Offset" description="Used to adjust the offset of the X axis starting point of the Level 2 submenu" />
		<field name="roknavmenu_fusion_tweakInitial_y" type="text" default="0" label="Level 2 Y Offset" description="Used to adjust the offset of the Y axis starting point of the Level 2 submenu" />
		<field name="roknavmenu_fusion_tweakSubsequent_x" type="text" default="0" label="Submenus X Offset" description="Used to adjust the offset of the X axis starting point of the submenu" />
		<field name="roknavmenu_fusion_tweakSubsequent_y" type="text" default="0" label="Submenus Y Offset" description="Used to adjust the offset of the Y axis starting point of the submenu" />
		<field name="roknavmenu_fusion_enable_current_id" type="radio" default="0" label="Enable Active ID" description="Joomla's default menu uses an Active ID that can cause CSS invalidation.  It is not used by the fusion menu.">
			<option value="0">No</option>
			<option value="1">Yes</option>
		</field>
        </fieldset>
    </subfields>
</form>