<?xml version="1.0" encoding="utf-8"?>
<social type="apps" group="user">
	<name>Blog</name>
	<element>blog</element>
	<author>Stack Ideas Sdn Bhd</author>
	<url>http://stackideas.com</url>
	<created>19/08/2013</created>
	<version>1.0.20</version>
	<copyright>Copyright (C) 2010 - 2013 Stack Ideas Sdn Bhd</copyright>
	<license>http://www.gnu.org/licenses/gpl-2.0.html GNU/GPL</license>
	<installable>true</installable>
	<core>false</core>
	<views>
		<view type="embed">dashboard</view>
		<view type="embed">profile</view>
	</views>
	<description>
		<![CDATA[APP_BLOG_APP_DESCRIPTION]]>
	</description>
	<widget>false</widget>
	<files>
		<folder>assets</folder>
		<folder>config</folder>
		<folder>models</folder>
		<folder>themes</folder>
		<folder>views</folder>
		<file>blog.php</file>
		<file>blog.xml</file>
		<file>en-GB.plg_app_user_blog.ini</file>
		<file>index.html</file>
		<file>story.js</file>
	</files>
	<languages>
		<language type="en-GB">en-GB.plg_app_user_blog.ini</language>
	</languages>
	<updates>
		<version>1.0.20</version>
		<patch>http://stackideas.com/updater/easysocial/apps/patch</patch>
	</updates>
</social>