<?xml version="1.0" encoding="utf-8"?>
<extension version="1.6" type="plugin" group="system" method="upgrade">
    <name>Installer</name>
	<author>RocketTheme, LLC</author>
	<creationDate>February 24, 2015</creationDate>
	<copyright>(C) 2005 - 2015 RocketTheme, LLC. All rights reserved.</copyright>
	<license>http://www.gnu.org/copyleft/gpl.html GNU/GPL</license>
	<authorEmail>support@rockettheme.com</authorEmail>
	<authorUrl>http://www.rockettheme.com</authorUrl>
	<version>2.0.8</version>
    <description>RokNavMenu for Joomla! v2.0.8</description>
    <scriptfile>install.script.php</scriptfile>
    <files>
        <filename plugin="roknavmenu_installer">installer.php</filename>
    </files>
    <cogs>
        <cog type="plugin" client="site" ordering="1" access="1" enabled="true" protected="false">
            plg_system_rokextender
            <name>RokExtender Plugin</name>
            <description>RocketTheme RokExtender Plugin</description>
        </cog>
        <cog type="module" client="site" access="1" enabled="true" protected="false">
            mod_roknavmenu
            <name>RokNavMenu Module</name>
            <description>RocketTheme RokNavMenu Module</description>
        </cog>
    </cogs>
</extension>
