[
	{
		"title"		: "COM_EASYSOCIAL_APPS_SETTINGS_STREAM",
		"desc"		: "COM_EASYSOCIAL_APPS_SETTINGS_STREAM_DESC",
		"fields"	:
		[
			{
				"label"		: "COM_EASYSOCIAL_APPS_SETTINGS_DISPLAY_STREAM_FILTER",
				"tooltip"		: "COM_EASYSOCIAL_APPS_SETTINGS_DISPLAY_STREAM_FILTER_DESC",
				"name"		: "stream_filter",
				"type" 		: "boolean",
				"default"	: true
			},
			{
				"label"		: "APP_USER_FOLLOWERS_STREAM_FOLLOW",
				"desc"		: "APP_USER_FOLLOWERS_STREAM_FOLLOW_DESC",
				"name"		: "stream_follow",
				"type"		: "boolean",
				"default"	: true
			}
		]
	},
	{
		"title"		: "APP_USER_FOLLOWERS_SETTINGS_WIDGETS",
		"desc"		: "APP_USER_FOLLOWERS_SETTINGS_WIDGETS_DESC",
		"fields"	:
		[
			{
				"label"		: "APP_USER_FOLLOWERS_SETTINGS_WIDGETS_FOLLOWERS",
				"tooltip"	: "APP_USER_FOLLOWERS_SETTINGS_WIDGETS_FOLLOWERS_DESC",
				"name"		: "widget_followers",
				"type"		: "boolean",
				"default"	: true
			},
            {
                "label"		: "APP_USER_FOLLOWERS_SETTINGS_WIDGETS_PROFILE_TOTAL",
                "tooltip"	: "APP_USER_FOLLOWERS_SETTINGS_WIDGETS_PROFILE_TOTAL_DESC",
                "name"		: "follower_widget_profile_total",
                "type"		: "text",
                "default"	: 20,
                "class"		: "input-mini text-center"
            },
			{
				"label"		: "APP_USER_FOLLOWERS_SETTINGS_WIDGETS_FOLLOWING",
				"tooltip"	: "APP_USER_FOLLOWERS_SETTINGS_WIDGETS_FOLLOWING_DESC",
				"name"		: "widget_following",
				"type"		: "boolean",
				"default"	: true
			},
            {
                "label"		: "APP_USER_FOLLOWING_SETTINGS_WIDGETS_PROFILE_TOTAL",
                "tooltip"	: "APP_USER_FOLLOWING_SETTINGS_WIDGETS_PROFILE_TOTAL_DESC",
                "name"		: "following_widget_profile_total",
                "type"		: "text",
                "default"	: 20,
                "class"		: "input-mini text-center"
            }
		]
	},
    {
        "title"     : "APP_USER_FOLLOWERS_SETTINGS_WIDGETS_DASHBOARD",
        "desc"      : "APP_USER_FOLLOWERS_SETTINGS_WIDGETS_DASHBOARD_DESC",
        "fields"    :
        [
            {
                "label"     : "APP_USER_FOLLOWERS_SETTINGS_WIDGETS_DASHBOARD_SUGGESTIONS",
                "tooltip"   : "APP_USER_FOLLOWERS_SETTINGS_WIDGETS_DASHBOARD_SUGGESTIONS_DESC",
                "name"      : "widget_suggestions",
                "type"      : "boolean",
                "default"   : true
            },
            {
                "label"     : "APP_USER_FOLLOWING_SETTINGS_WIDGETS_DASHBOARD_SUGGESTIONS_TOTAL",
                "tooltip"   : "APP_USER_FOLLOWING_SETTINGS_WIDGETS_DASHBOARD_SUGGESTIONS_TOTAL_DESC",
                "name"      : "widget_suggestions_total",
                "type"      : "text",
                "default"   : 5,
                "class"     : "input-mini text-center"
            }
        ]
    }
]
