<?xml version="1.0" encoding="utf-8"?>
<extension version="3.1" type="module" client="site" method="upgrade">
	<name>EasySocial Quick Post</name>
	<author>StackIdeas</author>
	<creationDate>30th December 2015</creationDate>
	<copyright>Copyright (C) 2009 - 2013 Stack Ideas Sdn Bhd. All rights reserved.</copyright>
	<license>GNU General Public License version 2 or later; see LICENSE.txt</license>
	<authorEmail>support@stackideas.com</authorEmail>
	<authorUrl>http://stackideas.com</authorUrl>
	<version>1.4.6</version>
	<description><![CDATA[MOD_EASYSOCIAL_QUICKPOST_DESC]]></description>
	<files>
		<folder>scripts</folder>
		<folder>tmpl</folder>
		<filename>index.html</filename>
		<filename module="mod_easysocial_quickpost">mod_easysocial_quickpost.php</filename>
		<filename>mod_easysocial_quickpost.xml</filename>
	</files>
	<languages>
		<language tag="en-GB">en-GB.mod_easysocial_quickpost.ini</language>
		<language tag="en-GB">en-GB.mod_easysocial_quickpost.sys.ini</language>
	</languages>

	<config>
		<fields name="params">
			<fieldset name="basic">
				<field name="show_public" type="radio" class="btn-group" default="0" label="MOD_EASYSOCIAL_QUICKPOST_SHOW_ON_PUBLIC_USER" description="MOD_EASYSOCIAL_QUICKPOST_SHOW_ON_PUBLIC_USER_DESC">
					<option value="0">JNO</option>
					<option value="1">JYES</option>
				</field>
			</fieldset>
			<fieldset name="advanced">
				<field name="layout" type="modulelayout" label="JFIELD_ALT_LAYOUT_LABEL" description="JFIELD_ALT_MODULE_LAYOUT_DESC" />
				<field name="moduleclass_sfx" type="textarea" rows="3" label="COM_MODULES_FIELD_MODULECLASS_SFX_LABEL" description="COM_MODULES_FIELD_MODULECLASS_SFX_DESC" />
				<field name="cache" type="list" default="0" label="COM_MODULES_FIELD_CACHING_LABEL" description="COM_MODULES_FIELD_CACHING_DESC">
					<option value="1">JGLOBAL_USE_GLOBAL</option>
					<option value="0">COM_MODULES_FIELD_VALUE_NOCACHING</option>
				</field>
			</fieldset>
		</fields>
	</config>
</extension>
