<?xml version="1.0" encoding="utf-8"?>
<extension version="3.1" type="module" client="site" method="upgrade">
	<name>EasySocial Login</name>
	<author>Stack Ideas Sdn Bhd</author>
	<creationDate>30th December 2015</creationDate>
	<copyright>Copyright (C) 2009 - 2013 Stack Ideas Sdn Bhd. All rights reserved.</copyright>
	<license>GNU General Public License version 2 or later; see LICENSE.txt</license>
	<authorEmail>support@stackideas.com</authorEmail>
	<authorUrl>http://stackideas.com</authorUrl>
	<version>1.4.6</version>
	<description><![CDATA[MOD_EASYSOCIAL_LOGIN_DESC]]></description>
	<files>
		<folder>styles</folder>
		<folder>tmpl</folder>
		<filename>helper.php</filename>
		<filename>index.html</filename>
		<filename module="mod_easysocial_login">mod_easysocial_login.php</filename>
		<filename>mod_easysocial_login.xml</filename>
	</files>
	<languages>
		<language tag="en-GB">en-GB.mod_easysocial_login.ini</language>
		<language tag="en-GB">en-GB.mod_easysocial_login.sys.ini</language>
	</languages>
	<config>
		<fields name="params">
			<fieldset name="basic">
				<field name="modulestyle" type="list" default="vertical" label="MOD_EASYSOCIAL_LOGIN_MODULE_STYLE" description="" >
					<option value="horizontal">MOD_EASYSOCIAL_LOGIN_HORIZONTAL</option>
					<option value="vertical">MOD_EASYSOCIAL_LOGIN_VERTICAL</option>
				</field>
				<field name="show_register_link" type="radio" class="btn-group" default="1" label="MOD_EASYSOCIAL_LOGIN_SHOW_REGISTRATION" description="MOD_EASYSOCIAL_LOGIN_SHOW_REGISTRATION_DESC">
					<option value="0">JNO</option>
					<option value="1">JYES</option>
				</field>
				<field name="show_forget_username" type="radio" class="btn-group" default="1" label="MOD_EASYSOCIAL_LOGIN_SHOW_FORGET_USERNAME" description="MOD_EASYSOCIAL_LOGIN_SHOW_FORGET_USERNAME_DESC">
					<option value="0">JNO</option>
					<option value="1">JYES</option>
				</field>
				<field name="show_forget_password" type="radio" class="btn-group" default="1" label="MOD_EASYSOCIAL_LOGIN_SHOW_FORGET_PASSWORD" description="MOD_EASYSOCIAL_LOGIN_SHOW_FORGET_PASSWORD_DESC">
					<option value="0">JNO</option>
					<option value="1">JYES</option>
				</field>
				<field name="show_remember_me" type="radio" class="btn-group" default="1" label="MOD_EASYSOCIAL_LOGIN_SHOW_REMEMBER_ME" description="MOD_EASYSOCIAL_LOGIN_SHOW_REMEMBER_ME_DESC">
					<option value="0">JNO</option>
					<option value="1">JYES</option>
				</field>
				<field name="remember_me_style" type="list" default="visible_checked" label="MOD_EASYSOCIAL_LOGIN_REMEMBER_ME_STYLE" description="" >
					<option value="visible_checked">MOD_EASYSOCIAL_LOGIN_VISIBLE_CHECKED</option>
					<option value="visible">MOD_EASYSOCIAL_LOGIN_VISIBLE</option>
					<option value="hidden_checked">MOD_EASYSOCIAL_LOGIN_HIDDEN_CHECKED</option>
					<option value="hidden">MOD_EASYSOCIAL_LOGIN_HIDDEN</option>
				</field>
				<field name="use_secure_url" type="radio" class="btn-group" default="0" label="MOD_EASYSOCIAL_LOGIN_USE_SECURE_URL" description="MOD_EASYSOCIAL_LOGIN_USE_SECURE_URL_DESC">
					<option value="0">JNO</option>
					<option value="1">JYES</option>
				</field>
				<field name="show_logout_button" type="radio" class="btn-group" default="1" label="MOD_EASYSOCIAL_LOGIN_SHOW_LOGOUT_BUTTON" description="MOD_EASYSOCIAL_LOGIN_SHOW_LOGOUT_BUTTON_DESC">
					<option value="0">JNO</option>
					<option value="1">JYES</option>
				</field>
				<field name="show_facebook_login" type="radio" class="btn-group" default="1" label="MOD_EASYSOCIAL_LOGIN_SHOW_FACEBOOK_LOGIN" description="MOD_EASYSOCIAL_LOGIN_SHOW_FACEBOOK_LOGIN_DESC">
					<option value="0">JNO</option>
					<option value="1">JYES</option>
				</field>
				<field name="return" type="menuitem" disable="separator" label="MOD_EASYSOCIAL_LOGIN_REDIRECT_URL" description="MOD_EASYSOCIAL_LOGIN_REDIRECT_URL_DESC" >
					<option value="">JDEFAULT</option>
				</field>
			</fieldset>
			<fieldset name="advanced">
				<field name="layout" type="modulelayout" label="JFIELD_ALT_LAYOUT_LABEL" description="JFIELD_ALT_MODULE_LAYOUT_DESC" />
				<field name="moduleclass_sfx" type="textarea" rows="3" label="COM_MODULES_FIELD_MODULECLASS_SFX_LABEL" description="COM_MODULES_FIELD_MODULECLASS_SFX_DESC" />
				<field name="cache" type="list" default="0" label="COM_MODULES_FIELD_CACHING_LABEL" description="COM_MODULES_FIELD_CACHING_DESC">
					<option value="1">JGLOBAL_USE_GLOBAL</option>
					<option value="0">COM_MODULES_FIELD_VALUE_NOCACHING</option>
				</field>
			</fieldset>
		</fields>
	</config>
</extension>
