<?xml version="1.0" encoding="utf-8"?>
<social type="apps" group="event">
    <name>News</name>
    <element>news</element>
    <author>Stack Ideas Sdn Bhd</author>
    <url>http://stackideas.com</url>
    <created>29/05/2014</created>
    <version>1.0.233</version>
    <copyright>Copyright (C) 2010 - 2014 Stack Ideas Sdn Bhd</copyright>
    <license>http://www.gnu.org/licenses/gpl-2.0.html GNU/GPL</license>
    <core>true</core>
    <widget>true</widget>
    <installable>false</installable>
    <views>
        <view type="embed">events</view>
    </views>
    <description><![CDATA[APP_EVENT_NEWS_APP_DESCRIPTION]]></description>
    <files>
		<folder>assets</folder>
		<folder>config</folder>
		<folder>controllers</folder>
		<folder>hooks</folder>
		<folder>themes</folder>
		<folder>views</folder>
		<folder>widgets</folder>
		<file>news.php</file>
		<file>news.xml</file>
	</files>
</social>
