<?xml version="1.0" encoding="utf-8"?>
<social type="apps" group="user">
	<name>Broadcast</name>
	<element>broadcast</element>
	<author>Stack Ideas Sdn Bhd</author>
	<url>http://stackideas.com</url>
	<created>19/08/2013</created>
	<version>1.0.333</version>
	<copyright>Copyright (C) 2010 - 2014 Stack Ideas Sdn Bhd</copyright>
	<license>http://www.gnu.org/licenses/gpl-2.0.html GNU/GPL</license>
	<installable>false</installable>
	<core>true</core>
	<system>true</system>
	<widget>false</widget>
	<description><![CDATA[APP_STORY_APP_DESCRIPTION]]></description>
	<widget>true</widget>
	<files>
		<folder>assets</folder>
		<folder>config</folder>
		<folder>hooks</folder>
		<folder>themes</folder>
		<file>broadcast.php</file>
		<file>broadcast.xml</file>
		<file>index.html</file>
		<file>story.js</file>
	</files>
</social>
