[
	{
		"title"		: "APP_USER_LINKS_SETTINGS_STORY",
		"desc"		: "APP_USER_LINKS_SETTINGS_STORY_DESC",
		"fields"	:
		[
			{
				"label"		: "APP_USER_LINKS_SETTINGS_STORY_SHARE_LINKS",
				"tooltip"	: "APP_USER_LINKS_SETTINGS_STORY_SHARE_LINKS_DESC",
				"name"		: "story_links",
				"type"		: "boolean",
				"default"	: true
			}
		]
	},
	{
		"title"		: "COM_EASYSOCIAL_APPS_SETTINGS_STREAM",
		"desc"		: "COM_EASYSOCIAL_APPS_SETTINGS_STREAM_DESC",
		"fields"	:
		[
			{
				"label"		: "COM_EASYSOCIAL_APPS_SETTINGS_DISPLAY_STREAM_FILTER",
				"tooltip"		: "COM_EASYSOCIAL_APPS_SETTINGS_DISPLAY_STREAM_FILTER_DESC",
				"name"		: "stream_filter",
				"type" 		: "boolean",
				"default"	: true
			},
			{
				"label"		: "APP_USER_LINKS_SETTINGS_STREAM_THUMBNAIL",
				"tooltip"	: "APP_USER_LINKS_SETTINGS_STREAM_THUMBNAIL_DESC",
				"name"		: "stream_thumbnail",
				"type"		: "boolean",
				"default"	: true
			},
			{
				"label"		: "APP_USER_LINKS_SETTINGS_STREAM_LINK_NOFOLLOW",
				"tooltip"	: "APP_USER_LINKS_SETTINGS_STREAM_LINK_NOFOLLOW_DESC",
				"name"		: "stream_link_nofollow",
				"type"		: "boolean",
				"default"	: false
			},
			{
				"label"		: "APP_USER_LINKS_SETTINGS_STREAM_SERVE_AS_PROXY",
				"tooltip"	: "APP_USER_LINKS_SETTINGS_STREAM_SERVE_AS_PROXY_DESC",
				"name"		: "stream_link_proxy",
				"type"		: "boolean",
				"default"	: false
			},
			{
				"label"		: "APP_USER_LINKS_SETTINGS_STREAM_TRUNCATE_CONTENT",
				"tooltip"	: "APP_USER_LINKS_SETTINGS_STREAM_TRUNCATE_CONTENT_DESC",
				"name"		: "stream_link_truncate",
				"type"		: "boolean",
				"default"	: false
			},
			{
				"label"		: "APP_USER_LINKS_SETTINGS_STREAM_TRUNCATE_CONTENT_LENGTH",
				"tooltip"	: "APP_USER_LINKS_SETTINGS_STREAM_TRUNCATE_CONTENT_LENGTH_DESC",
				"name"		: "stream_link_truncate_length",
                "class"     : "input-short text-center",
                "type"      : "text",
                "default"   : 250
			}
		]
	}
]
