<?xml version="1.0" encoding="utf-8"?>
<extension version="3.1" type="module" client="site" method="upgrade">
	<name>EasySocial Followers</name>
	<author>Stack Ideas Sdn Bhd</author>
	<creationDate>30th December 2015</creationDate>
	<copyright>Copyright (C) 2009 - 2015 Stack Ideas Sdn Bhd. All rights reserved.</copyright>
	<license>GNU General Public License version 2 or later; see LICENSE.txt</license>
	<authorEmail>support@stackideas.com</authorEmail>
	<authorUrl>http://stackideas.com</authorUrl>
	<version>1.4.6</version>
	<description><![CDATA[MOD_EASYSOCIAL_FOLLOWERS_DESC]]></description>
	<files>
		<folder>styles</folder>
		<folder>tmpl</folder>
		<filename>index.html</filename>
		<filename module="mod_easysocial_followers">mod_easysocial_followers.php</filename>
		<filename>mod_easysocial_followers.xml</filename>
	</files>
	<languages>
		<language tag="en-GB">en-GB.mod_easysocial_followers.ini</language>
		<language tag="en-GB">en-GB.mod_easysocial_followers.sys.ini</language>
	</languages>
	<config>
		<fields name="params">
			<fieldset name="basic" addfieldpath="/administrator/components/com_easysocial/models/fields">
				<field name="filter" type="list" default="recent" label="MOD_EASYSOCIAL_FOLLOWERS_FILTER" description="MOD_EASYSOCIAL_FOLLOWERS_FILTER_DESC">
					<option value="followedBy">MOD_EASYSOCIAL_FOLLOWERS_FILTER_FOLLOWED_BY</option>
					<option value="following">MOD_EASYSOCIAL_FOLLOWERS_FILTER_FOLLOWING</option>
				</field>
				
				<field name="total" type="text" class="input-mini text-center" default="10" label="MOD_EASYSOCIAL_FOLLOWERS_TOTAL_FOLLOWERS" description="MOD_EASYSOCIAL_FOLLOWERS_TOTAL_FOLLOWERS_DESC" />
			</fieldset>
			<fieldset name="advanced">
				<field name="layout" type="modulelayout" label="JFIELD_ALT_LAYOUT_LABEL" description="JFIELD_ALT_MODULE_LAYOUT_DESC" />
				<field name="moduleclass_sfx" type="textarea" rows="3" label="COM_MODULES_FIELD_MODULECLASS_SFX_LABEL" description="COM_MODULES_FIELD_MODULECLASS_SFX_DESC" />
				<field name="cache" type="list" default="0" label="COM_MODULES_FIELD_CACHING_LABEL" description="COM_MODULES_FIELD_CACHING_DESC">
					<option value="1">JGLOBAL_USE_GLOBAL</option>
					<option value="0">COM_MODULES_FIELD_VALUE_NOCACHING</option>
				</field>
			</fieldset>
		</fields>
	</config>

</extension>
