<?xml version="1.0" encoding="utf-8"?>
<social type="apps" group="event">
    <name>Links</name>
    <element>links</element>
    <author>Stack Ideas Sdn Bhd</author>
    <url>http://stackideas.com</url>
    <created>29/05/2014</created>
    <version>1.0.233</version>
    <copyright>Copyright (C) 2010 - 2014 Stack Ideas Sdn Bhd</copyright>
    <license>http://www.gnu.org/licenses/gpl-2.0.html GNU/GPL</license>
    <core>true</core>
    <installable>false</installable>
    <default>false</default>
    <widget>false</widget>
    <description><![CDATA[APP_EVENT_LINKS_APP_DESCRIPTION]]></description>
    <files>
		<folder>assets</folder>
		<folder>config</folder>
		<folder>themes</folder>
		<file>helper.php</file>
		<file>links.php</file>
		<file>links.xml</file>
		<file>story.js</file>
	</files>
</social>
