<?xml version="1.0" encoding="utf-8"?>
<extension version="3.1" type="module" client="site" method="upgrade">
	<name>EasySocial Log Box</name>
	<author>StackIdeas</author>
	<creationDate>30th December 2015</creationDate>
	<copyright>Copyright (C) 2009 - 2013 Stack Ideas Sdn Bhd. All rights reserved.</copyright>
	<license>GNU General Public License version 2 or later; see LICENSE.txt</license>
	<authorEmail>support@stackideas.com</authorEmail>
	<authorUrl>http://stackideas.com</authorUrl>
	<version>1.4.6</version>
	<description><![CDATA[MOD_EASYSOCIAL_LOGBOX_DESC]]></description>
	<files>
		<folder>scripts</folder>
		<folder>styles</folder>
		<folder>tmpl</folder>
		<filename>helper.php</filename>
		<filename>index.html</filename>
		<filename module="mod_easysocial_logbox">mod_easysocial_logbox.php</filename>
		<filename>mod_easysocial_logbox.xml</filename>
	</files>
	<languages>
		<language tag="en-GB">en-GB.mod_easysocial_logbox.ini</language>
		<language tag="en-GB">en-GB.mod_easysocial_logbox.sys.ini</language>
	</languages>

	<config>
		<fields name="params" addfieldpath="/administrator/components/com_easysocial/models/fields">
			<fieldset name="basic">
				<field name="profile_id" type="easysocial_profile" label="MOD_EASYSOCIAL_LOGBOX_REGISTER_SELECT_PROFILE" description="MOD_EASYSOCIAL_LOGBOX_REGISTER_SELECT_PROFILE_DESC" required="true" message="MOD_EASYSOCIAL_LOGBOX_REGISTER_SELECT_PROFILE_REQUIRED" />
				<field name="show_forget_username" type="radio" class="btn-group" default="1" label="MOD_EASYSOCIAL_LOGBOX_SHOW_FORGET_USERNAME" description="MOD_EASYSOCIAL_LOGBOX_SHOW_FORGET_USERNAME_DESC">
					<option value="0">JNO</option>
					<option value="1">JYES</option>
				</field>
				<field name="show_forget_password" type="radio" class="btn-group" default="1" label="MOD_EASYSOCIAL_LOGBOX_SHOW_FORGET_PASSWORD" description="MOD_EASYSOCIAL_LOGBOX_SHOW_FORGET_PASSWORD_DESC">
					<option value="0">JNO</option>
					<option value="1">JYES</option>
				</field>
				<field name="show_remember_me" type="radio" class="btn-group" default="1" label="MOD_EASYSOCIAL_LOGBOX_SHOW_REMEMBER_ME" description="MOD_EASYSOCIAL_LOGBOX_SHOW_REMEMBER_ME_DESC">
					<option value="0">JNO</option>
					<option value="1">JYES</option>
				</field>
				<field name="show_facebook_login" type="radio" class="btn-group" default="1" label="MOD_EASYSOCIAL_LOGBOX_SHOW_FACEBOOK_LOGIN" description="MOD_EASYSOCIAL_LOGBOX_SHOW_FACEBOOK_LOGIN_DESC">
					<option value="0">JNO</option>
					<option value="1">JYES</option>
				</field>
				<field name="show_quick_registration" type="radio" class="btn-group" default="1" label="MOD_EASYSOCIAL_LOGBOX_SHOW_QUICK_REGISTRATION" description="MOD_EASYSOCIAL_LOGBOX_SHOW_QUICK_REGISTRATION_DESC">
					<option value="0">JNO</option>
					<option value="1">JYES</option>
				</field>
				<field name="return" type="menuitem" disable="separator" label="MOD_EASYSOCIAL_LOGBOX_REDIRECT_URL" description="MOD_EASYSOCIAL_LOGBOX_REDIRECT_URL_DESC" >
					<option value="">JDEFAULT</option>
				</field>
			</fieldset>
			<fieldset name="advanced">
				<field name="layout" type="modulelayout" label="JFIELD_ALT_LAYOUT_LABEL" description="JFIELD_ALT_MODULE_LAYOUT_DESC" />
				<field name="moduleclass_sfx" type="textarea" rows="3" label="COM_MODULES_FIELD_MODULECLASS_SFX_LABEL" description="COM_MODULES_FIELD_MODULECLASS_SFX_DESC" />
				<field name="cache" type="list" default="0" label="COM_MODULES_FIELD_CACHING_LABEL" description="COM_MODULES_FIELD_CACHING_DESC">
					<option value="1">JGLOBAL_USE_GLOBAL</option>
					<option value="0">COM_MODULES_FIELD_VALUE_NOCACHING</option>
				</field>
			</fieldset>
		</fields>
	</config>
</extension>
