<?xml version="1.0" encoding="utf-8"?>
<extension version="3.1" type="module" client="site" method="upgrade">
	<name>EasySocial Recent Photos</name>
	<author>Stack Ideas Sdn Bhd</author>
	<creationDate>30th December 2015</creationDate>
	<copyright>Copyright (C) 2009 - 2013 Stack Ideas Sdn Bhd. All rights reserved.</copyright>
	<license>GNU General Public License version 2 or later; see LICENSE.txt</license>
	<authorEmail>support@stackideas.com</authorEmail>
	<authorUrl>http://stackideas.com</authorUrl>
	<version>1.4.6</version>
	<description><![CDATA[MOD_EASYSOCIAL_PHOTOS_DESC]]></description>
	<files>
		<folder>styles</folder>
		<folder>tmpl</folder>
		<filename>index.html</filename>
		<filename module="mod_easysocial_photos">mod_easysocial_photos.php</filename>
		<filename>mod_easysocial_photos.xml</filename>
	</files>
	<languages>
		<language tag="en-GB">en-GB.mod_easysocial_photos.ini</language>
		<language tag="en-GB">en-GB.mod_easysocial_photos.sys.ini</language>
	</languages>
	<config>
		<fields name="params">
			<fieldset name="basic" addfieldpath="/administrator/components/com_easysocial/models/fields">
				<field name="userid" type="easysocial_user" label="MOD_EASYSOCIAL_PHOTOS_SELECT_USER" description="MOD_EASYSOCIAL_PHOTOS_SELECT_USER_DESC" />
				<field name="albumid" type="easysocial_album" label="MOD_EASYSOCIAL_PHOTOS_SELECT_ALBUM" description="MOD_EASYSOCIAL_PHOTOS_SELECT_ALBUM_DESC" />
				<field name="display_popup" type="radio" class="btn-group" default="1" label="MOD_EASYSOCIAL_PHOTOS_DISPLAY_POPUP" description="MOD_EASYSOCIAL_PHOTOS_DISPLAY_POPUP_DESC">
					<option value="0">JNO</option>
					<option value="1">JYES</option>
				</field>
				<field name="avatar" type="radio" class="btn-group" default="1" label="MOD_EASYSOCIAL_PHOTOS_INCLUDE_AVATAR_PHOTOS" description="MOD_EASYSOCIAL_PHOTOS_INCLUDE_AVATAR_PHOTOS_DESC">
					<option value="0">JNO</option>
					<option value="1">JYES</option>
				</field>
				<field name="cover" type="radio" class="btn-group" default="1" label="MOD_EASYSOCIAL_PHOTOS_INCLUDE_COVER_PHOTOS" description="MOD_EASYSOCIAL_PHOTOS_INCLUDE_AVATAR_PHOTOS_DESC">
					<option value="0">JNO</option>
					<option value="1">JYES</option>
				</field>
				<field name="ordering" type="list" default="created" label="MOD_EASYSOCIAL_PHOTOS_ORDERING" description="MOD_EASYSOCIAL_PHOTOS_ORDERING_DESC">
					<option value="ordering">MOD_EASYSOCIAL_PHOTOS_ORDER_BY_ORDERING</option>
					<option value="created">MOD_EASYSOCIAL_PHOTOS_ORDER_BY_CREATION_DATE</option>
					<option value="random">MOD_EASYSOCIAL_PHOTOS_ORDER_BY_RANDOM</option>
				</field>
				<field name="limit" type="text" default="20" class="input-mini text-center" label="MOD_EASYSOCIAL_PHOTOS_LIMIT" description="MOD_EASYSOCIAL_PHOTOS_LIMIT_DESC" />
			</fieldset>
			<fieldset name="advanced">
				<field name="layout" type="modulelayout" label="JFIELD_ALT_LAYOUT_LABEL" description="JFIELD_ALT_MODULE_LAYOUT_DESC" />
				<field name="moduleclass_sfx" type="textarea" rows="3" label="COM_MODULES_FIELD_MODULECLASS_SFX_LABEL" description="COM_MODULES_FIELD_MODULECLASS_SFX_DESC" />
				<field name="cache" type="list" default="0" label="COM_MODULES_FIELD_CACHING_LABEL" description="COM_MODULES_FIELD_CACHING_DESC">
					<option value="1">JGLOBAL_USE_GLOBAL</option>
					<option value="0">COM_MODULES_FIELD_VALUE_NOCACHING</option>
				</field>
			</fieldset>
		</fields>
	</config>

</extension>
