[
	{
		"title": "Story Form",
		"desc": "This settings will affect the story form on EasySocial",
		"fields": [
			{
				"label": "Allow Creating Blogs",
				"tooltip": "This option determines if users should be able to create a new blog post on the site using the story form.",
				"name": "blog_form",
				"type": "boolean",
				"default": 1
			}
		]
	},
	{
		"title"		: "Stream Settings",
		"desc"		: "This settings will only be affected when you set this app as the default application for users on the site. Configure the default application settings for this app here.",
		"fields"	:
		[
			{
				"label"		: "Content lengths to display in stream",
				"tooltip"	: "Specify the content lengths when display the blog content in stream. Set 0 to ignore this setting and follow the default easyblog truncation settings.",
				"name"		: "maxlength",
				"class"		: "input-mini center",
				"type"		: "text",
				"default"	: 0
			},
			{
				"label"		: "Content truncation type",
				"tooltip"	: "Specify which method to count the content lenghts",
				"name"		: "truncation",
				"type"		: "select",
				"default"	: "chars",
				"options"	:
				[
					{
						"title"	: "By Characters",
						"value"	: "chars"
					},
					{
						"title"	: "By Words",
						"value"	: "words"
					}
				]
			},
			{
				"label"		: "Image alignment",
				"tooltip"	: "Specify if blog image should display on the left or right.",
				"name"		: "imagealignment",
				"type"		: "select",
				"default"	: "right",
				"options"	:
				[
					{
						"title"	: "Align left",
						"value"	: "left"
					},
					{
						"title"	: "Align right",
						"value"	: "right"
					}
				]
			}
		]
	},
	{
		"title"		: "Profile Settings",
		"desc"		: "This settings will only be affected when you set this app as the default application for users on the site. Configure the default application settings for this app here.",
		"fields"	:
		[
			{
				"label"		: "Total blog posts to display",
				"tooltip"	: "Specify the number of feed items to display in the profile",
				"name"		: "total",
				"class"		: "input-mini center",
				"type"		: "text",
				"default"	: 5
			},
			{
				"label"		: "Content length to display in profile view (By Characters)",
				"tooltip"	: "Specify the content lengths when display the blog content in profile view. Set 0 to ignore this setting and follow the default easyblog truncation settings.",
				"name"		: "profile_maxlength",
				"class"		: "input-mini center",
				"type"		: "text",
				"default"	: 250
			}
		]
	}
]
